condition_id,model_id,checkpoint_hash,architecture,split,transform,severity,seed,mean_latency_ms,num_samples,threshold,true_negatives,false_positives,false_negatives,true_positives,accuracy,balanced_accuracy,precision,recall,f1,auroc,auprc,false_positive_rate,false_negative_rate,brier_score
clean,effnet_sid_b,918083148a04149dd2209ae21810aa4279583e57f687b4b63d9300a5aae64d55,efficientnet_b0,val,clean,,,1.2879844243974872,5099,0.5,2587,9,2,2501,0.9978427142576975,0.9978670433692204,0.996414342629482,0.9992009588493808,0.997805705166567,0.9999333619379396,0.9999356572371612,0.0034668721109399,0.0007990411506192,0.0017626576280526
clean,convnext_sid_b,758444e568d117bba2345df8ce705ea0cce77da31fe58a9a266732eb97764bef,convnext_tiny,val,clean,,,4.8537142886826405,5099,0.5,2589,7,3,2500,0.9980388311433614,0.9980524910938924,0.997207818109294,0.9988014382740712,0.998003992015968,0.9999829172635364,0.9999824803524052,0.0026964560862865,0.0011985617259288,0.0013751257114405
clean,dino_sid_b,71bb0fc142b8cb9f19902eb3f8a8c374ad787a755b697c8b5dd1d271d81d01fd,dinov2_vits14,val,clean,,,4.447439915865544,5099,0.5,2530,66,69,2434,0.9735242204353796,0.973504675745038,0.9736,0.9724330803036356,0.9730161902858284,0.9965482099446764,0.996650322350499,0.0254237288135593,0.0275669196963643,0.0202529046658817
jpeg_90,effnet_sid_b,918083148a04149dd2209ae21810aa4279583e57f687b4b63d9300a5aae64d55,efficientnet_b0,val,jpeg,90.0,,1.0954599343005444,5099,0.5,2587,9,2,2501,0.9978427142576975,0.9978670433692204,0.996414342629482,0.9992009588493808,0.997805705166567,0.9999345931261532,0.999936096934684,0.0034668721109399,0.0007990411506192,0.0017609463922677
jpeg_90,convnext_sid_b,758444e568d117bba2345df8ce705ea0cce77da31fe58a9a266732eb97764bef,convnext_tiny,val,jpeg,90.0,,4.010982622277844,5099,0.5,2589,7,3,2500,0.9980388311433614,0.9980524910938924,0.997207818109294,0.9988014382740712,0.998003992015968,0.9999830711620632,0.9999826511334122,0.0026964560862865,0.0011985617259288,0.0013495464149992
jpeg_90,dino_sid_b,71bb0fc142b8cb9f19902eb3f8a8c374ad787a755b697c8b5dd1d271d81d01fd,dinov2_vits14,val,jpeg,90.0,,4.337532523434866,5099,0.5,2530,66,69,2434,0.9735242204353796,0.973504675745038,0.9736,0.9724330803036356,0.9730161902858284,0.9965592906385988,0.9966595304202064,0.0254237288135593,0.0275669196963643,0.0202406035125722
jpeg_70,effnet_sid_b,918083148a04149dd2209ae21810aa4279583e57f687b4b63d9300a5aae64d55,efficientnet_b0,val,jpeg,70.0,,1.0927803753669971,5099,0.5,2589,7,6,2497,0.99745048048637,0.997453210230928,0.9972044728434504,0.9976028765481424,0.9974036349111244,0.9998978113782722,0.9999013481586896,0.0026964560862865,0.0023971234518577,0.0018451239272425
jpeg_70,convnext_sid_b,758444e568d117bba2345df8ce705ea0cce77da31fe58a9a266732eb97764bef,convnext_tiny,val,jpeg,70.0,,4.006508070406054,5099,0.5,2591,5,3,2500,0.9984310649146892,0.9984376991062188,0.998003992015968,0.9988014382740712,0.9984025559105432,0.99998461014733,0.9999841613847146,0.0019260400616332,0.0011985617259288,0.0011803000185808
jpeg_70,dino_sid_b,71bb0fc142b8cb9f19902eb3f8a8c374ad787a755b697c8b5dd1d271d81d01fd,dinov2_vits14,val,jpeg,70.0,,4.296010623454957,5099,0.5,2539,57,69,2434,0.9752892724063542,0.975238111800508,0.9771176234443998,0.9724330803036356,0.974769723668402,0.9965619069135526,0.996659909514446,0.0219568567026194,0.0275669196963643,0.0199672848976989
jpeg_50,effnet_sid_b,918083148a04149dd2209ae21810aa4279583e57f687b4b63d9300a5aae64d55,efficientnet_b0,val,jpeg,50.0,,1.0917917819145786,5099,0.5,2590,6,7,2496,0.99745048048637,0.9974460539494364,0.9976019184652278,0.9972033559728326,0.9974025974025974,0.9998690323537796,0.9998706887912524,0.0023112480739599,0.0027966440271673,0.0020929638016302
jpeg_50,convnext_sid_b,758444e568d117bba2345df8ce705ea0cce77da31fe58a9a266732eb97764bef,convnext_tiny,val,jpeg,50.0,,4.022248991175873,5099,0.5,2593,3,4,2499,0.998627181800353,0.9986231468308908,0.998800959232614,0.9984019176987616,0.9986013986013986,0.9999895349001844,0.999989220687015,0.0011556240369799,0.0015980823012385,0.0011534878139007
jpeg_50,dino_sid_b,71bb0fc142b8cb9f19902eb3f8a8c374ad787a755b697c8b5dd1d271d81d01fd,dinov2_vits14,val,jpeg,50.0,,4.3275765716813455,5099,0.5,2538,58,77,2426,0.9735242204353796,0.9734474254931064,0.9766505636070854,0.9692369157011588,0.972929617004211,0.9965548275813244,0.9966373305018046,0.022342064714946,0.0307630842988413,0.0202240235767689
jpeg_30,effnet_sid_b,918083148a04149dd2209ae21810aa4279583e57f687b4b63d9300a5aae64d55,efficientnet_b0,val,jpeg,30.0,,1.0940875522660234,5099,0.5,2594,2,11,2492,0.99745048048637,0.9974174288234704,0.9991980753809142,0.995605273671594,0.997398439063438,0.99993567041584,0.999934781900898,0.0007704160246533,0.0043947263284059,0.0023451330584615
jpeg_30,convnext_sid_b,758444e568d117bba2345df8ce705ea0cce77da31fe58a9a266732eb97764bef,convnext_tiny,val,jpeg,30.0,,4.008669090213337,5099,0.5,2594,2,6,2497,0.9984310649146892,0.9984162302617444,0.9991996798719488,0.9976028765481424,0.9984006397441024,0.9999889193060776,0.9999886019354584,0.0007704160246533,0.0023971234518577,0.0012321567344424
jpeg_30,dino_sid_b,71bb0fc142b8cb9f19902eb3f8a8c374ad787a755b697c8b5dd1d271d81d01fd,dinov2_vits14,val,jpeg,30.0,,4.315858585604618,5099,0.5,2543,53,75,2428,0.9748970386350264,0.9748099660992324,0.9786376461104394,0.970035956851778,0.9743178170144462,0.9966957986317806,0.9968001090499612,0.0204160246533127,0.0299640431482221,0.0196405751676757
blur_0.5,effnet_sid_b,918083148a04149dd2209ae21810aa4279583e57f687b4b63d9300a5aae64d55,efficientnet_b0,val,blur,0.5,,1.177338574621547,5099,0.5,2588,8,2,2501,0.9980388311433614,0.9980596473753838,0.9968114786767636,0.9992009588493808,0.9980047885075818,0.9999359782128934,0.9999379425889022,0.0030816640986132,0.0007990411506192,0.0016860767313813
blur_0.5,convnext_sid_b,758444e568d117bba2345df8ce705ea0cce77da31fe58a9a266732eb97764bef,convnext_tiny,val,blur,0.5,,4.135821171994039,5099,0.5,2589,7,3,2500,0.9980388311433614,0.9980524910938924,0.997207818109294,0.9988014382740712,0.998003992015968,0.9999855335384904,0.9999851486426088,0.0026964560862865,0.0011985617259288,0.0012368919744429
blur_0.5,dino_sid_b,71bb0fc142b8cb9f19902eb3f8a8c374ad787a755b697c8b5dd1d271d81d01fd,dinov2_vits14,val,blur,0.5,,4.330959777604632,5099,0.5,2532,64,69,2434,0.9739164542067072,0.9738898837573648,0.9743795036028824,0.9724330803036356,0.9734053189362128,0.9965894547498318,0.9966899636951496,0.024653312788906,0.0275669196963643,0.0200314142684726
blur_1,effnet_sid_b,918083148a04149dd2209ae21810aa4279583e57f687b4b63d9300a5aae64d55,efficientnet_b0,val,blur,1.0,,1.1705529739172151,5099,0.5,2590,6,3,2500,0.9982349480290252,0.9982450951000555,0.997605746209098,0.9988014382740712,0.9982032341784788,0.9999429036465948,0.999944330702937,0.0023112480739599,0.0011985617259288,0.00155039651134
blur_1,convnext_sid_b,758444e568d117bba2345df8ce705ea0cce77da31fe58a9a266732eb97764bef,convnext_tiny,val,blur,1.0,,4.133610509901867,5099,0.5,2592,4,3,2500,0.998627181800353,0.9986303031123822,0.9984025559105432,0.9988014382740712,0.9986019572598362,0.9999884576104976,0.9999881597509362,0.0015408320493066,0.0011985617259288,0.0009739975341754
blur_1,dino_sid_b,71bb0fc142b8cb9f19902eb3f8a8c374ad787a755b697c8b5dd1d271d81d01fd,dinov2_vits14,val,blur,1.0,,4.3374012318083945,5099,0.5,2539,57,70,2433,0.9750931555206904,0.9750383515128532,0.9771084337349396,0.972033559728326,0.9745643901462048,0.9965298960199992,0.9966295671271868,0.0219568567026194,0.0279664402716739,0.0199513902099071
blur_2,effnet_sid_b,918083148a04149dd2209ae21810aa4279583e57f687b4b63d9300a5aae64d55,efficientnet_b0,val,blur,2.0,,1.17940235575909,5099,0.5,2588,8,4,2499,0.9976465973720338,0.9976601268000742,0.9968089349820504,0.9984019176987616,0.9976047904191616,0.9999281293880318,0.9999298850124564,0.0030816640986132,0.0015980823012385,0.0019507573953829
blur_2,convnext_sid_b,758444e568d117bba2345df8ce705ea0cce77da31fe58a9a266732eb97764bef,convnext_tiny,val,blur,2.0,,4.134851188664302,5099,0.5,2594,2,5,2498,0.998627181800353,0.9986159905493992,0.9992,0.9980023971234518,0.9986008394963022,0.9999762996268884,0.9999759345546024,0.0007704160246533,0.0019976028765481,0.0013287851107023
blur_2,dino_sid_b,71bb0fc142b8cb9f19902eb3f8a8c374ad787a755b697c8b5dd1d271d81d01fd,dinov2_vits14,val,blur,2.0,,4.340394791135051,5099,0.5,2536,60,82,2421,0.9721514022357324,0.9720634160425056,0.9758162031438936,0.9672393128246104,0.9715088282504012,0.9958604374288604,0.9959896657797151,0.0231124807395993,0.0327606871753895,0.0216304989631758
resize_0.5,effnet_sid_b,918083148a04149dd2209ae21810aa4279583e57f687b4b63d9300a5aae64d55,efficientnet_b0,val,resize,0.5,,1.1263420904101282,5099,0.5,2589,7,2,2501,0.9982349480290252,0.998252251381547,0.9972089314194578,0.9992009588493808,0.9982039513071244,0.9999353626187866,0.9999379516964838,0.0026964560862865,0.0007990411506192,0.001611728406567
resize_0.5,convnext_sid_b,758444e568d117bba2345df8ce705ea0cce77da31fe58a9a266732eb97764bef,convnext_tiny,val,resize,0.5,,4.063655740343734,5099,0.5,2592,4,3,2500,0.998627181800353,0.9986303031123822,0.9984025559105432,0.9988014382740712,0.9986019572598362,0.9999883037119708,0.9999879713400802,0.0015408320493066,0.0011985617259288,0.001059895105376
resize_0.5,dino_sid_b,71bb0fc142b8cb9f19902eb3f8a8c374ad787a755b697c8b5dd1d271d81d01fd,dinov2_vits14,val,resize,0.5,,4.3322964863674,5099,0.5,2533,63,69,2434,0.974112571092371,0.974082487763528,0.974769723668402,0.9724330803036356,0.9736,0.9965817598234968,0.9966809026674248,0.0242681047765793,0.0275669196963643,0.0199785864777386
resize_0.25,effnet_sid_b,918083148a04149dd2209ae21810aa4279583e57f687b4b63d9300a5aae64d55,efficientnet_b0,val,resize,0.25,,1.0971735899189912,5099,0.5,2588,8,4,2499,0.9976465973720338,0.9976601268000742,0.9968089349820504,0.9984019176987616,0.9976047904191616,0.9999156636073692,0.9999185136005582,0.0030816640986132,0.0015980823012385,0.0019894366252441
resize_0.25,convnext_sid_b,758444e568d117bba2345df8ce705ea0cce77da31fe58a9a266732eb97764bef,convnext_tiny,val,resize,0.25,,4.033109705824717,5099,0.5,2593,3,4,2499,0.998627181800353,0.9986231468308908,0.998800959232614,0.9984019176987616,0.9986013986013986,0.9999772230180488,0.9999768331010972,0.0011556240369799,0.0015980823012385,0.0012851023193228
resize_0.25,dino_sid_b,71bb0fc142b8cb9f19902eb3f8a8c374ad787a755b697c8b5dd1d271d81d01fd,dinov2_vits14,val,resize,0.25,,4.3384370857034,5099,0.5,2541,55,73,2430,0.9748970386350264,0.9748242786622154,0.977867203219316,0.9708349980023973,0.9743384121892542,0.9962796570155874,0.9963877437831384,0.0211864406779661,0.0291650019976028,0.0205042764357435
noise_0.02,effnet_sid_b,918083148a04149dd2209ae21810aa4279583e57f687b4b63d9300a5aae64d55,efficientnet_b0,val,noise,0.02,42.0,1.1784201423815035,5099,0.5,2591,5,3,2500,0.9984310649146892,0.9984376991062188,0.998003992015968,0.9988014382740712,0.9984025559105432,0.9998410228219204,0.999860359833764,0.0019260400616332,0.0011985617259288,0.0022334352012002
noise_0.02,convnext_sid_b,758444e568d117bba2345df8ce705ea0cce77da31fe58a9a266732eb97764bef,convnext_tiny,val,noise,0.02,42.0,4.154975380074043,5099,0.5,2587,9,4,2499,0.99745048048637,0.9974675227939108,0.9964114832535884,0.9984019176987616,0.997405707443624,0.9999730677578278,0.9999724102300548,0.0034668721109399,0.0015980823012385,0.0019989517070212
noise_0.02,dino_sid_b,71bb0fc142b8cb9f19902eb3f8a8c374ad787a755b697c8b5dd1d271d81d01fd,dinov2_vits14,val,noise,0.02,42.0,4.327986958032713,5099,0.5,2534,62,69,2434,0.9743086879780348,0.9742750917696914,0.9751602564102564,0.9724330803036356,0.9737947589517904,0.9965580594503852,0.99665888910511,0.0238828967642526,0.0275669196963643,0.0202248706571645
noise_0.05,effnet_sid_b,918083148a04149dd2209ae21810aa4279583e57f687b4b63d9300a5aae64d55,efficientnet_b0,val,noise,0.05,42.0,1.1773653410488365,5099,0.5,2585,11,8,2495,0.9962737791723868,0.9962832736309648,0.99561053471668,0.9968038353975228,0.9962068277101218,0.9998276336500976,0.9998370604637264,0.0042372881355932,0.003196164602477,0.0036352371223656
noise_0.05,convnext_sid_b,758444e568d117bba2345df8ce705ea0cce77da31fe58a9a266732eb97764bef,convnext_tiny,val,noise,0.05,42.0,4.134445605611839,5099,0.5,2579,17,6,2497,0.9954893116297312,0.9955271701692944,0.9932378679395386,0.9976028765481424,0.9954155870041858,0.999896272393005,0.999893970621046,0.0065485362095531,0.0023971234518577,0.0035603234303514
noise_0.05,dino_sid_b,71bb0fc142b8cb9f19902eb3f8a8c374ad787a755b697c8b5dd1d271d81d01fd,dinov2_vits14,val,noise,0.05,42.0,4.349033137478931,5099,0.5,2541,55,73,2430,0.9748970386350264,0.9748242786622154,0.977867203219316,0.9708349980023973,0.9743384121892542,0.9965425156991888,0.9966361841865654,0.0211864406779661,0.0291650019976028,0.0200856179155428
noise_0.1,effnet_sid_b,918083148a04149dd2209ae21810aa4279583e57f687b4b63d9300a5aae64d55,efficientnet_b0,val,noise,0.1,42.0,1.1768456818963464,5099,0.5,2588,8,21,2482,0.994312610315748,0.9942642019099424,0.9967871485943776,0.9916100679184978,0.9941918686160623,0.9997152877256076,0.99971748904414,0.0030816640986132,0.0083899320815021,0.0053321956463172
noise_0.1,convnext_sid_b,758444e568d117bba2345df8ce705ea0cce77da31fe58a9a266732eb97764bef,convnext_tiny,val,noise,0.1,42.0,4.135093589132855,5099,0.5,2580,16,12,2491,0.994508727201412,0.994521212449529,0.9936178699641004,0.9952057530962845,0.9944111776447104,0.9998142444782748,0.999814613523778,0.0061633281972265,0.0047942469037155,0.0045627508492383
noise_0.1,dino_sid_b,71bb0fc142b8cb9f19902eb3f8a8c374ad787a755b697c8b5dd1d271d81d01fd,dinov2_vits14,val,noise,0.1,42.0,4.340353483232012,5099,0.5,2548,48,83,2420,0.9743086879780348,0.9741749038288108,0.9805510534846028,0.9668397922493008,0.9736471534902434,0.9966941057479868,0.996802165201264,0.0184899845916795,0.0331602077506991,0.0200115714917125
colour_-0.2,effnet_sid_b,918083148a04149dd2209ae21810aa4279583e57f687b4b63d9300a5aae64d55,efficientnet_b0,val,colour,-0.2,,1.105750877428284,5099,0.5,2586,10,5,2498,0.9970582467150422,0.9970751585000928,0.996012759170654,0.9980023971234518,0.997006585511874,0.9999042751163936,0.9999028619423076,0.0038520801232665,0.0019976028765481,0.0022174293264373
colour_-0.2,convnext_sid_b,758444e568d117bba2345df8ce705ea0cce77da31fe58a9a266732eb97764bef,convnext_tiny,val,colour,-0.2,,4.047301595413219,5099,0.5,2590,6,6,2497,0.9976465973720338,0.9976458142370912,0.9976028765481424,0.9976028765481424,0.9976028765481424,0.999947520602396,0.9999458894875032,0.0023112480739599,0.0023971234518577,0.0018532436145664
colour_-0.2,dino_sid_b,71bb0fc142b8cb9f19902eb3f8a8c374ad787a755b697c8b5dd1d271d81d01fd,dinov2_vits14,val,colour,-0.2,,4.328374466757078,5099,0.5,2552,44,87,2416,0.9743086879780348,0.9741462787028448,0.9821138211382112,0.9652417099480624,0.9736046745919806,0.9962444142529736,0.9964982608844206,0.0169491525423728,0.0347582900519376,0.0205644616373336
colour_0.2,effnet_sid_b,918083148a04149dd2209ae21810aa4279583e57f687b4b63d9300a5aae64d55,efficientnet_b0,val,colour,0.2,,1.1155784887252649,5099,0.5,2590,6,15,2488,0.995881545401059,0.9958479716481978,0.9975942261427426,0.9940071913703556,0.9957974784870922,0.999875803888954,0.999873494213345,0.0023112480739599,0.0059928086296444,0.0033136082873122
colour_0.2,convnext_sid_b,758444e568d117bba2345df8ce705ea0cce77da31fe58a9a266732eb97764bef,convnext_tiny,val,colour,0.2,,4.052000569327479,5099,0.5,2588,8,4,2499,0.9976465973720338,0.9976601268000742,0.9968089349820504,0.9984019176987616,0.9976047904191616,0.999960755875692,0.999960117239053,0.0030816640986132,0.0015980823012385,0.0017996443329819
colour_0.2,dino_sid_b,71bb0fc142b8cb9f19902eb3f8a8c374ad787a755b697c8b5dd1d271d81d01fd,dinov2_vits14,val,colour,0.2,,4.347764908019742,5099,0.5,2513,83,318,2185,0.9213571288487938,0.9204900960142128,0.9634038800705468,0.8729524570515381,0.9159505344791448,0.9832700759089094,0.9823775825082252,0.0319722650231124,0.1270475429484618,0.0587322775407479
crop_0.8,effnet_sid_b,918083148a04149dd2209ae21810aa4279583e57f687b4b63d9300a5aae64d55,efficientnet_b0,val,crop,0.8,,1.0958980335376654,5099,0.5,2594,2,9,2494,0.9978427142576975,0.99781694939878,0.999198717948718,0.9964043148222134,0.9977995599119824,0.9999267443012916,0.9999262299987416,0.0007704160246533,0.0035956851777866,0.0021460456629426
crop_0.8,convnext_sid_b,758444e568d117bba2345df8ce705ea0cce77da31fe58a9a266732eb97764bef,convnext_tiny,val,crop,0.8,,4.036955815257237,5099,0.5,2593,3,8,2495,0.9978427142576975,0.9978241056802716,0.9987990392313852,0.9968038353975228,0.9978004399120176,0.9999719904681408,0.9999712018428936,0.0011556240369799,0.003196164602477,0.0018265576939714
crop_0.8,dino_sid_b,71bb0fc142b8cb9f19902eb3f8a8c374ad787a755b697c8b5dd1d271d81d01fd,dinov2_vits14,val,crop,0.8,,4.346529797801735,5099,0.5,2538,58,695,1808,0.8523239850951166,0.8499955677224311,0.9689174705251876,0.7223332001598082,0.8276493476768139,0.9683806242986076,0.9670132627853952,0.022342064714946,0.2776667998401917,0.1087230020483402
